"CNPJ","NOME_DA_INSTITUIÇÃO","SEGMENTO","ENDEREÇO","COMPLEMENTO","BAIRRO","CEP","MUNICIPIO","UF","DDD","FONE","CART_COMERCIAL","COD_COMPENSAÇÃO","EMAIL","ENDEREÇO_ELETRONICO","ano","mes","tipo"
"3532415.000000","BANCO CR2 S/A","Bancos Comerciais","RUA DO MERCADO, Nº 11","17. ANDAR E 24 ANDAR","CENTRO","20010120.000000","RIO DE JANEIRO","RJ","21.000000","38062900.000000","SIM","75.000000","CR2@CR2.COM.BR","WWW.CR2.COM.BR","2007","10","bancos"
"253448.000000","BANCO POTTENCIAL S.A.","Bancos Comerciais","AV. AFONSO PENA, 4.100","12º ANDAR","CRUZEIRO","30130009.000000","BELO HORIZONTE","MG","31.000000","21217788.000000","SIM","735.000000",NA,"WWW.POTTENCIAL.COM.BR","2007","10","bancos"
"997185.000000","BANCO BM&F DE SERVIÇOS DE LIQUIDAÇÃO E CUSTÓDIA S.A.","Bancos Comerciais","PRAÇA ANTONIO PRADO, 48 - 2º ANDAR",NA,"CENTRO","1010901.000000","SAO PAULO","SP","11.000000","31192000.000000","SIM","96.000000","BANCOBMF@BMF.COM.BR","WWW.BMF.COM.BR","2007","10","bancos"
"2318507.000000","BANCO KEB DO BRASIL S.A.","Bancos Comerciais","AV.DR. CHUCRI ZAIDAN, 940","18º ANDAR - CONJUNTO 181","VILA CORDEIRO","4583110.000000","SAO PAULO","SP","11.000000","51881122.000000","SIM","757.000000","SUNG.KIM@BANCOKEB.COM.BR",NA,"2007","10","bancos"
"3323840.000000","BANCO ALFA S.A.","Bancos Comerciais","ALAMEDA SANTOS, 466","4º ANDAR","CERQUEIRA CESAR","1418000.000000","SAO PAULO","SP","11.000000","31755866.000000","SIM","25.000000","ALFANET@ALFA.COM.BR","WWW.ALFANET.COM.BR","2007","10","bancos"
"54403563.000000","BANCO ARBI S.A.","Bancos Comerciais","RUA DIAS FERREIRA, 190","SALA 201, PARTE","LEBLON","22431050.000000","RIO DE JANEIRO","RJ","21.000000","25291800.000000","SIM","213.000000","BANCO@BANCOARBI.COM.BR","WWW.BANCOARBI.COM.BR","2007","10","bancos"
"4902979.000000","BANCO DA AMAZONIA S.A.","Bancos Comerciais","AV. PRESIDENTE VARGAS, 800",NA,"CAMPINA","66017000.000000","BELEM","PA","91.000000","40083888.000000","SIM","3.000000","PRESI@BANCOAMAZONIA.COM.BR","WWW.BANCOAMAZONIA.COM.BR","2007","10","bancos"
"61024352.000000","BANCO INDUSVAL S.A.","Bancos Comerciais","RUA BOA VISTA, 356 - 7. ANDAR",NA,"CENTRO","1014000.000000","SAO PAULO","SP","11.000000","33156777.000000","SIM","653.000000",NA,NA,"2007","10","bancos"
"33923798.000000","BANCO MÁXIMA S.A.","Bancos Comerciais","AVENIDA  ATLÂNTICA, Nº 1.130","9º ANDAR - PARTE","COPACABANA","22021000.000000","RIO DE JANEIRO","RJ","21.000000","38201700.000000","SIM","243.000000","JURIDICO@BANCOMAXIMA.COM.BR","WWW.BANCOMAXIMA.COM.BR","2007","10","bancos"
"61820817.000000","BANCO PAULISTA S.A.","Bancos Comerciais","AV.BRIGADEIRO FARIA LIMA, 1355","2 ANDAR","JARDIM PAULISTANO","1451903.000000","SAO PAULO","SP","11.000000","32992000.000000","SIM","611.000000","FALECONOSCO@BANCOPAULISTA.COM.BR","WWW.BANCOPAULISTA.COM.BR","2007","10","bancos"
"68900810.000000","BANCO RENDIMENTO S.A.","Bancos Comerciais","AV. BRIGADEIRO FARIA LIMA, 2092","18º E 19º ANDARES","JARDIM PAULISTANO","1451905.000000","SAO PAULO","SP","11.000000","34570700.000000","SIM","633.000000","RENDIMENTO@RENDIMENTO.COM.BR","WWW.RENDIMENTO.COM.BR","2007","10","bancos"
"83876003.000000","BANCO DO ESTADO DE SANTA CATARINA S.A.","Bancos Comerciais","PRAÇA XV DE NOVEMBRO, 329","CENTRO","CENTRO","88010901.000000","FLORIANOPOLIS","SC","48.000000","32399000.000000","SIM","27.000000","OUVIDORIA@BESC.COM.BR","HTTP://WWW.BESC.COM.BR/","2007","10","bancos"
"2038232.000000","BANCO COOPERATIVO DO BRASIL S.A. - BANCOOB","Bancos Comerciais Cooperativo","SCS QUADRA 06, BL.A, N. 50, ED. SOFIA, 4. ANDAR",NA,"ASA SUL","70306902.000000","BRASILIA","DF","61.000000","2175200.000000","SIM","756.000000","BANCOOB@BANCOOB.COM.BR","WWW.BANCOOB.COM.BR","2007","10","bancos"
"33042151.000000","BANCO DE LA NACION ARGENTINA","Bancos Comerciais Estrangeiro - Filial no pais ","AV. PAULISTA, 2319",NA,"CERQUEIRA CESAR","1311300.000000","SAO PAULO","SP","11.000000","30831555.000000","SIM","300.000000","CONTACTOSP@BNABR.COM.BR",NA,"2007","10","bancos"
"44189447.000000","BANCO DE LA PROVINCIA DE BUENOS AIRES","Bancos Comerciais Estrangeiro - Filial no pais ","RUA LIBERO BADARO, 425, 26. ANDAR",NA,"CENTRO","1009000.000000","SAO PAULO","SP","11.000000","31884777.000000","SIM","495.000000","PROVINCIA@BAPRO.COM.BR",NA,"2007","10","bancos"
"49336860.000000","ING BANK N.V.","Bancos Comerciais Estrangeiro - Filial no pais ","AV. BRIGADEIRO FARIA LIMA, 3400 - 11. ANDAR",NA,"ITAIM BIBI","4538132.000000","SAO PAULO","SP","11.000000","45046000.000000","SIM","492.000000","ING-BRASIL@AMERICAS.ING.COM",NA,"2007","10","bancos"
"33042953.000000","CITIBANK N.A.","Bancos Comerciais Estrangeiro - Filial no pais ","AV. PAULISTA, 1111","LOJA 1 3 SOBRELOJA","BELA VISTA","1311920.000000","SAO PAULO","SP","11.000000","40093134.000000","SIM","477.000000","CINTHIA.COSTA@CITIGROUP.COM","WWW.CITIBANK.COM.BR","2007","10","bancos"
"51938876.000000","BANCO DE LA REPUBLICA ORIENTAL DEL URUGUAY","Bancos Comerciais Estrangeiro - Filial no pais ","AV. PAULISTA, 1776","9 ANDAR","BELA VISTA","1310921.000000","SAO PAULO","SP","11.000000","32512699.000000","SIM","494.000000","SUCURSALSP@BROU.COM.BR","WWW.BANCOREPUBLICA.COM.UY","2007","10","bancos"
"33140666.000000","BANKBOSTON, N.A.","Bancos Comerciais Estrangeiro - Filial no pais ","AV. JUSCELINO KUBITSCHEK, 1400 - 2º ANDAR - PARTE",NA,"VILA NOVA CONCEIÇÃO","4543000.000000","SAO PAULO","SP","11.000000","30739500.000000","SIM","744.000000",NA,NA,"2007","10","bancos"
"46518205.000000","JPMORGAN CHASE BANK, NATIONAL ASSOCIATION","Bancos Comerciais Estrangeiro - Filial no pais ","AV BRIG FARIA LIMA, 3729 - 13 ANDAR",NA,"ITAIM BIBI","4538905.000000","SAO PAULO","SP","11.000000","30483819.000000","SIM","488.000000",NA,NA,"2007","10","bancos"
"0.000000","BANCO DO BRASIL S.A.","Banco Brasil ","SBS QUADRA 1 BLOCO G","EDIFÍCIO SEDE III - 24º ANDAR","SETOR BANCARIO SUL","70073901.000000","BRASILIA","DF","61.000000","33102521.000000","SIM","1.000000","SECEX@BB.COM.BR","WWW.BB.COM.BR","2007","10","bancos"
"92702067.000000","BANCO DO ESTADO DO RIO GRANDE DO SUL S.A.","Banco multiplo","RUA CAPITAO MONTANHA, 177",NA,"CENTRO","90018900.000000","PORTO ALEGRE","RS","51.000000","32151515.000000","SIM","41.000000",NA,"WWW.BANRISUL.COM.BR","2007","10","bancos"
"7441209.000000","BANCO MONEO S.A.","Banco multiplo","AVENIDA MARCOPOLO, 280","SALA 101","PLANALTO","95086200.000000","CAXIAS DO SUL","RS","54.000000","29911000.000000","NÃO",NA,NA,"BANCOMONEO.COM.BR","2007","10","bancos"
"92894922.000000","BANCO MATONE S.A.","Banco multiplo","RUA MARIANTE, 25","10. ANDAR","MOINHOS DE VENTO","90430181.000000","PORTO ALEGRE","RS","51.000000","35110123.000000","SIM","212.000000","MATONE@MATONE.COM.BR","WWW.BANCOMATONE.COM.BR","2007","10","bancos"
"6043056.000000","BB BANCO POPULAR DO BRASIL S.A.","Banco multiplo","SBS QUADRA 01, BLOCO A, LOTE 31 - ED. SEDE I","16.° ANDAR","ASA SUL","70073900.000000","BRASILIA","DF","61.000000","33102200.000000","SIM","73.000000",NA,NA,"2007","10","bancos"
"7656500.000000","BANCO KDB DO BRASIL S.A.","Banco multiplo","AV. BRIGADEIRO FARIA LIMA, 3400","15º ANDAR  CONJUNTO 152","ITAIM BIBI","4538132.000000","SAO PAULO","SP","11.000000","21380000.000000","SIM","76.000000","YCW@KDB.CO.KR",NA,"2007","10","bancos"
"34098442.000000","BANCO CITICARD S/A","Banco multiplo","AV. PRES. JUSCELINO KUBITSCHECK, 510","1º AO 4º ANDAR","ITAIM BIBI","4543906.000000","SAO PAULO","SP","11.000000","40093134.000000","NÃO",NA,"STELLA.PONS@CITI.COM","WWW.CREDICARDCITI.COM.BR","2007","10","bancos"
"92874270.000000","BANCO A.J. RENNER S.A.","Banco multiplo","RUA MAR FLORIANO PEIXOTO, 185, 6 ANDAR GAL LUZA",NA,"CENTRO","90020061.000000","PORTO ALEGRE","RS","51.000000","32873300.000000","SIM","654.000000","RENNER@BANCORENNER.COM.BR","BANCORENNER.COM.BR","2007","10","bancos"
"91884981.000000","BANCO JOHN DEERE S.A.","Banco multiplo","AVENIDA SOLEDADE, 550","14. ANDAR      CONJ. 1401","PETRÓPOLIS","90470340.000000","PORTO ALEGRE","RS","51.000000","30254700.000000","SIM","217.000000","BANCOJOHNDEERE@JOHNDEERE.COM",NA,"2007","10","bancos"
"8357240.000000","BANCO CARREFOUR S.A.","Banco multiplo","RUA GEORGE EASTMAN, 213","TÉRREO - PARTE","VILA TRAMONTANO","5690000.000000","SAO PAULO","SP","11.000000","37552381.000000","NÃO",NA,NA,NA,"2007","10","bancos"
"2801938.000000","BANCO MORGAN STANLEY DEAN WITTER S.A.","Banco multiplo","AV. PRES JUSCELINO KUBITSCHEK, 50","8º ANDAR","ITAIM BIBI","4543000.000000","SAO PAULO","SP","11.000000","30486000.000000","SIM","66.000000","EDISON.OLIVEIRA@MORGANSTANLEY.COM",NA,"2007","10","bancos"
"795423.000000","BANCO SEMEAR S.A.","Banco multiplo","RUA PARAIBA, 330","22. ANDAR","FUNCIONARIOS","30130140.000000","BELO HORIZONTE","MG","31.000000","35167000.000000","SIM","743.000000","JAMIRO.RESENDE@BANCOSEMEAR.COM.BR","WWW.BANCOSEMEAR.COM.BR","2007","10","bancos"
"558456.000000","BANCO BGN S.A.","Banco multiplo","RUA ANTONIO LUMACK DO MONTE, 96","SOBRELOJAS 1 E 2","BOA VIAGEM","51020350.000000","RECIFE","PE","81.000000","21238400.000000","SIM","739.000000","BGN@BGN.COM.BR","WWW.BGN.COM.BR","2007","10","bancos"
"2977348.000000","BANCO TOYOTA DO BRASIL S.A.","Banco multiplo","AV DAS NACOES UNIDAS, 12.901 17 ANDAR CJS 1701/02","TORRE OESTE","CHACARA ITAIM","4578000.000000","SAO PAULO","SP","11.000000","55042000.000000","NÃO",NA,NA,"WWW.BANCOTOYOTA.COM.BR","2007","10","bancos"
"1701201.000000","HSBC BANK BRASIL S.A. - BANCO MULTIPLO","Banco multiplo","TRAVESSA OLIVEIRA BELLO, 34 - 4. ANDAR",NA,"CENTRO","80020030.000000","CURITIBA","PR","41.000000","37776161.000000","SIM","399.000000","RSCHUNTZEMBERGER@HSBC.COM.BR","WWW.HSBC.COM.BR","2007","10","bancos"
"1023570.000000","BANCO RABOBANK INTERNATIONAL BRASIL S.A.","Banco multiplo","AV. NACOES UNIDAS, 12995 - 7º ANDAR",NA,"BROOKLIN NOVO","4578000.000000","SAO PAULO","SP","11.000000","55037000.000000","SIM","747.000000",NA,NA,"2007","10","bancos"
"3012230.000000","HIPERCARD BANCO MÚLTIPLO S.A.","Banco multiplo","RUA ERNESTO DE PAULA SANTOS 187","LOJA 1","CENTRO","51021330.000000","RECIFE","PE","81.000000","40097500.000000","SIM","62.000000","BIANCA.AZZI@UNIBANCO.COM.BR",NA,"2007","10","bancos"
"517645.000000","BANCO RIBEIRAO PRETO S.A.","Banco multiplo","AVENIDA INDEPENDENCIA, 1379",NA,"SUMARE","14025390.000000","RIBEIRAO PRETO","SP","16.000000","21014600.000000","SIM","741.000000","BRP@BRP.COM.BR","WWW.BRP.COM.BR","2007","10","bancos"
"183938.000000","BANCO GERDAU S.A","Banco multiplo","AVENIDA FARRAPOS 1811",NA,"BAIRRO FLORESTA","90220005.000000","PORTO ALEGRE","RS","51.000000","33232203.000000","SIM","734.000000","BANCO-DIR@GERDAU.COM.BR","WWW.BANCOGERDAU.COM.BR","2007","10","bancos"
"2992446.000000","BANCO CNH CAPITAL S.A.","Banco multiplo","AV JUSCELINO KUBITSCHEK DE OLIVEIRA,","11825 - PARTE","CIC","81450903.000000","CURITIBA","PR","41.000000","21077334.000000","NÃO",NA,"MARCIA.TEIXEIRA@CNH.COM","WWW.BANCOCNH.COM.BR","2007","10","bancos"
"3017677.000000","BANCO J. SAFRA S.A.","Banco multiplo","AVENIDA PAULISTA, 2150",NA,"CERQUEIRA CESAR","1310300.000000","SAO PAULO","SP","11.000000","31445000.000000","SIM","74.000000",NA,NA,"2007","10","bancos"
"4332281.000000","GOLDMAN SACHS DO BRASIL BANCO MULTIPLO S.A.","Banco multiplo","AV PRESIDENTE JUSCELINO KUBITSCHEK, 510, 6 ANDAR",NA,"VILA NOVA CONCEICAO","4543000.000000","SAO PAULO","SP","11.000000","33710700.000000","NÃO",NA,NA,NA,"2007","10","bancos"
"4184779.000000","BANCO IBI S.A. - BANCO MÚLTIPLO","Banco multiplo","ALAMEDA RIO NEGRO, 585  4º ANDAR","ED. PADAUIRI  BL B - ALPHAVILLE CENTRO INDL. EMPR.","ALPHAVILLE C. I. E.","6454000.000000","BARUERI","SP","11.000000","21349905.000000","SIM","63.000000","BANCOIBI.CONTABILIDADE@IBI.COM.BR","WWW.BANCOIBI.COM.BR","2007","10","bancos"
"1540541.000000","BANCO BEG S.A.","Banco multiplo","RUA 2 Nº 140 1ª SOBRELOJA","1ª SOBRELOJA","SETOR CENTRAL","74010020.000000","GOIANIA","GO","11.000000","50198101.000000","SIM","31.000000",NA,NA,"2007","10","bancos"
"3502961.000000","BANCO PSA FINANCE BRASIL S.A.","Banco multiplo","RUA MIGUEL YUNES, 351","PRÉDIO 1 - 1º ANDAR (PARTE)","INTERLAGOS","4444000.000000","SAO PAULO","SP","11.000000","21331767.000000","NÃO",NA,NA,NA,"2007","10","bancos"
"3609817.000000","BANCO CARGILL S.A.","Banco multiplo","AVENIDA MORUMBI, Nº 8.234, 1º ANDAR - PARTE",NA,"BROOKLIN","4703002.000000","SAO PAULO","SP","11.000000","50993311.000000","SIM","40.000000",NA,NA,"2007","10","bancos"
"1522368.000000","BANCO BNP PARIBAS BRASIL S.A.","Banco multiplo","AV PRES.JUSCELINO KUBITSCHEK, 510, 10 A 13 ANDARES",NA,"ITAIM BIBI","4543000.000000","SAO PAULO","SP","11.000000","38413100.000000","SIM","752.000000",NA,"WWW.BNPPARIBAS.COM.BR","2007","10","bancos"
"86413.000000","BANCO ÚNICO S.A.","Banco multiplo","AV.  EUSÉBIO MATOSO, 891",NA,"PINHEIROS","5423901.000000","SAO PAULO","SP","11.000000","35844042.000000","SIM","116.000000","BIANCA.AZZI@UNIBANCO.COM.BR",NA,"2007","10","bancos"
"3634220.000000","BANCO HONDA S.A.","Banco multiplo","RUA DOUTOR JOSE AUREO BUSTAMANTE , 377","BLOCO 1 - 2º ANDAR - SALA 2B","SANTO AMARO","4710090.000000","SAO PAULO","SP","11.000000","55769959.000000","NÃO",NA,"CONTABILIDADE@HONDABR.COM.BR",NA,"2007","10","bancos"
"208.000000","BRB - BANCO DE BRASILIA S.A.","Banco multiplo","SBS, QUADRA 01, BL E, EDIFICIO BRASILIA",NA,"ASA SUL","70072900.000000","BRASILIA","DF","61.000000","34128200.000000","SIM","70.000000",NA,"WWW.BRB.COM.BR","2007","10","bancos"
"33700394.000000","UNIBANCO-UNIAO DE BANCOS BRASILEIROS S.A.","Banco multiplo","AV. EUSEBIO MATOSO, 891",NA,"PINHEIROS","5423901.000000","SAO PAULO","SP","11.000000","35844042.000000","SIM","409.000000","BIANCA.AZZI@UNIBANCO.COM.BR","WWW.UNIBANCO.COM.BR","2007","10","bancos"
"76492172.000000","BANCO BANESTADO S.A.","Banco multiplo","RUA MARECHAL DEODORO, 862","2º ANDAR","CENTRO","80020320.000000","CURITIBA","PR","11.000000","50198101.000000","SIM","38.000000",NA,NA,"2007","10","bancos"
"30306294.000000","BANCO UBS PACTUAL S.A.","Banco multiplo","PRAIA DE BOTAFOGO, 501/ 5º E 6º ANDARES","TORRE CORCOVADO","BOTAFOGO","22250040.000000","RIO DE JANEIRO","RJ","21.000000","25149600.000000","SIM","208.000000","FERNANDA.JORGE@UBS.COM","WWW.UBSPACTUAL.COM.BR","2007","10","bancos"
"75647891.000000","BANCO CALYON BRASIL S.A.","Banco multiplo","ALAMEDA ITU, 852","12 ANDAR","JARDIM PAULISTA","1421001.000000","SAO PAULO","SP","11.000000","38966301.000000","SIM","222.000000","VALTER.SHINTANI@BR.CALYON.COM","WWW.CALYON.COM.BR","2007","10","bancos"
"74828799.000000","BANCO COMERCIAL URUGUAI S.A.","Banco multiplo","RUA URUGUAI, 171",NA,"CENTRO","90010140.000000","PORTO ALEGRE","RS","51.000000","32204000.000000","SIM","753.000000","CPD@BANCOCOMERCIAL.COM.BR","BANCOCOMERCIAL.COM.BR","2007","10","bancos"
"57561615.000000","BANCO FINASA S.A.","Banco multiplo","AVENIDA ALPHAVILLE, 1500, PISO 2",NA,"ALPHAVILLE","6483300.000000","BARUERI","SP","11.000000","36842742.000000","SIM","175.000000","4260.GUILHERME@BRADESCO.COM.BR",NA,"2007","10","bancos"
"57839805.000000","BANCO TRICURY S.A.","Banco multiplo","ALAMEDA JOAQUIM EUGENIO DE LIMA, 739","11º ANDAR","JARDIM PAULISTA","1403001.000000","SAO PAULO","SP","11.000000","50808000.000000","NÃO",NA,"MESA@BANCOTRICURY.COM.BR","WWW.TRICURY.COM.BR","2007","10","bancos"
"58017179.000000","BANCO VOLVO BRASIL S.A.","Banco multiplo","AV JUSCELINO KUBITSCHEK OLIVEIRA, 2600, PREDIO 90S",NA,"CIC","81260900.000000","CURITIBA","PR","41.000000","33177711.000000","NÃO",NA,NA,NA,"2007","10","bancos"
"31597552.000000","BANCO CLASSICO S.A.","Banco multiplo","AV. PRESIDENTE VARGAS, 463","13º ANDAR","CENTRO","20071003.000000","RIO DE JANEIRO","RJ","21.000000","22216142.000000","SIM","241.000000","BANCOCLASSICO@UOL.COM.BR",NA,"2007","10","bancos"
"58497702.000000","BANCO INTERCAP S.A.","Banco multiplo","AV. BRIGADEIRO FARIA LIMA, 1461","1.º E 2.º ANDARES - TORRE SUL","PINHEIROS","1451904.000000","SAO PAULO","SP","11.000000","30958200.000000","SIM","630.000000","CNT@INTERCAP.COM.BR","WWW.INTERCAP.COM.BR","2007","10","bancos"
"59118133.000000","BANCO LUSO BRASILEIRO S.A.","Banco multiplo","AV. CIDADE JARDIM, 400 - 22 ANDAR",NA,"JARDIM EUROPA","1454000.000000","SAO PAULO","SP","11.000000","30391500.000000","SIM","600.000000","INFO@LUSOBANK.COM.BR","WWW.LUSOBRASILEIRO.COM.BR","2007","10","bancos"
"6271464.000000","BANCO BRADESCO BBI S.A.","Banco multiplo","CIDADE DE DEUS, PRÉDIO NOVÍSSIMO","4º ANDAR","VILA YARA","6029900.000000","OSASCO","SP","11.000000","36842685.000000","SIM","36.000000","4260.GUILHERME@BRADESCO.COM.BR",NA,"2007","10","bancos"
"6833131.000000","BANCO DO ESTADO DO PIAUÍ S.A. - BEP","Banco multiplo","RUA TREZE DE MAIO, 307-N",NA,"CENTRO","64000150.000000","TERESINA","PI","86.000000","32215312.000000","SIM","39.000000",NA,NA,"2007","10","bancos"
"58616418.000000","BANCO FIBRA S.A.","Banco multiplo","AV BRIGADEIRO FARIA LIMA, 3729","11º  E  12º ANDARES","ITAIM BIBI","4538905.000000","SAO PAULO","SP","11.000000","38476700.000000","SIM","224.000000","MARIA.AMARAL@BANCOFIBRA.COM.BR","WWW.BANCOFIBRA.COM.BR","2007","10","bancos"
"29030467.000000","DRESDNER BANK BRASIL S.A. BANCO MULTIPLO","Banco multiplo","AV. BRIGADEIRO FARIA LIMA, 2277","7º ANDAR","JARDIM PAULISTANO","1452000.000000","SAO PAULO","SP","11.000000","22028100.000000","SIM","751.000000","DKIBBRASIL.SAOPAULO@DKIB.COM","WWW.DKIB.COM","2007","10","bancos"
"7207996.000000","BANCO BMC S.A.","Banco multiplo","AV.DAS NACOES UNIDAS,12.995","24º ANDAR/PARTE","CHACARA ITAIM","4578000.000000","SAO PAULO","SP","11.000000","55037500.000000","SIM","394.000000","BANCOBMC@BMC.COM.BR","WWW.BMC.COM.BR","2007","10","bancos"
"7237373.000000","BANCO DO NORDESTE DO BRASIL S.A.","Banco multiplo","AV. PARANJANA, 5700",NA,"PASSARE","60740000.000000","FORTALEZA","CE","85.000000","32993000.000000","SIM","4.000000","CLIENTECONSULTA@BNB.GOV.BR","WWW.BNB.GOV.BR","2007","10","bancos"
"59109165.000000","BANCO VOLKSWAGEN S.A.","Banco multiplo","RUA VOLKSWAGEN, 291",NA,"JABAQUARA","4344020.000000","SAO PAULO","SP","11.000000","55825173.000000","NÃO",NA,NA,"WWW.BANCOVOLKSWAGEN.COM.BR","2007","10","bancos"
"7450604.000000","BANCO INDUSTRIAL E COMERCIAL S.A.","Banco multiplo","AVENIDA PAULISTA, 1048","2º, 8º, 11º, 12º, 13º, 14º E 15º ANDARES","BELA VISTA","1310100.000000","SAO PAULO","SP","11.000000","21739000.000000","SIM","320.000000",NA,"WWW.BICBANCO.COM.BR","2007","10","bancos"
"58160789.000000","BANCO SAFRA S.A.","Banco multiplo","AVENIDA PAULISTA, 2100",NA,"CERQUEIRA CESAR","1310930.000000","SAO PAULO","SP","11.000000","31757575.000000","SIM","422.000000","SJTS@SAFRA.COM.BR","WWW.SAFRA.COM.BR","2007","10","bancos"
"33124959.000000","BANCO RURAL S.A.","Banco multiplo","RUA RIO DE JANEIRO, 927 - 14. ANDAR/PARTE",NA,"CENTRO","30160914.000000","BELO HORIZONTE","MG","31.000000","21265401.000000","SIM","453.000000",NA,"WWW.RURAL.COM.BR","2007","10","bancos"
"33644196.000000","BANCO FATOR S.A.","Banco multiplo","RUA DR. RENATO PAES DE BARROS, Nº 1017","11º E 12º ANDARES","ITAIM BIBI","4530001.000000","SAO PAULO","SP","11.000000","30499100.000000","SIM","265.000000",NA,"WWW.FATORONLINE.COM.BR","2007","10","bancos"
"33603457.000000","BANCO RODOBENS S.A.","Banco multiplo","RUA ESTADO DE ISRAEL, 975",NA,"VILA CLEMENTINO","4022002.000000","SAO PAULO","SP","11.000000","21248700.000000","NÃO",NA,"RODOBENSBANCO@RODOBENS.COM.BR",NA,"2007","10","bancos"
"33485541.000000","BANCO BOAVISTA INTERATLANTICO S.A.","Banco multiplo","CIDADE DE DEUS","PRÉDIO NOVÍSSIMO, 4º ANDAR","VILA YARA","6029900.000000","OSASCO","SP","11.000000","36842742.000000","SIM","248.000000","4260.GUILHERME@BRADESCO.COM.BR",NA,"2007","10","bancos"
"48795256.000000","LEMON BANK BANCO MULTIPLO S.A.","Banco multiplo","ALAMEDA  TOCANTINS N° 125","25º AND. CJ 2.502, E 26º AND. 2601 E 2602","ALPHAVILLE INDUSTRIA","6455020.000000","BARUERI","SP","11.000000","35290400.000000","SIM","65.000000","GILBERTOS@LEMON.COM","WWW.LEMONBANK.COM.BR","2007","10","bancos"
"33479023.000000","BANCO CITIBANK S.A.","Banco multiplo","AV. PAULISTA, 1111 - 2. ANDAR","PARTE","BELA VISTA","1311920.000000","SAO PAULO","SP","11.000000","40093134.000000","SIM","745.000000","CINTHIA.COSTA@CITIGROUP.COM","WWW.CITIBANK.COM.BR","2007","10","bancos"
"49925225.000000","BANCO ITAULEASING S.A.","Banco multiplo","ALAMEDA PEDRO CALIL, 43",NA,"VILA DAS ACÁCIAS","8557105.000000","POA","SP","11.000000","50198101.000000","NÃO",NA,NA,NA,"2007","10","bancos"
"33349358.000000","BANCO CACIQUE S.A.","Banco multiplo","AVENIDA CIDADE JARDIM, 803",NA,"JARDIM EUROPA","1453000.000000","SAO PAULO","SP","11.000000","30485000.000000","SIM","263.000000","MARKETING@BANCOCACIQUE.COM.BR","WWW.HTP.BANCOCACIQUE.COM.BR","2007","10","bancos"
"50585090.000000","BANCO SCHAHIN S.A.","Banco multiplo","RUA VERGUEIRO, 2009","2O. ANDAR","VILA MARIANA","4101905.000000","SAO PAULO","SP","11.000000","55768035.000000","SIM","250.000000","ATENDIMENTO@BANCOSCHAHIN.COM.BR","WWW.SCHAHIN.COM.BR/BANCO/BR","2007","10","bancos"
"31895683.000000","BANCO INDUSTRIAL DO BRASIL S.A.","Banco multiplo","AV. PRES. JUSCELINO KUBITSCHEK, 1703",NA,"VILA NOVA CONCEIÇÃO","4543901.000000","SAO PAULO","SP","11.000000","30499700.000000","SIM","604.000000","DIRETORIA@BANCOINDUSTRIAL.COM.BR","WWW.BANCOINDUSTRIAL.COM.BR","2007","10","bancos"
"33132044.000000","BANCO CEDULA S.A.","Banco multiplo","RUA GONCALVES DIAS, 65 A 67",NA,"CENTRO","20050030.000000","RIO DE JANEIRO","RJ","21.000000","22215512.000000","SIM","266.000000","BANCOCEDULA@BANCOCEDULA.COM.BR","WWW.BANCOCEDULA.COM.BR","2007","10","bancos"
"31880826.000000","BANCO GUANABARA S.A.","Banco multiplo","AVENIDA BRASIL, 8255","3º ANDAR","OLARIA","21030000.000000","RIO DE JANEIRO","RJ","21.000000","25629600.000000","SIM","612.000000","BGB01@UNINET.COM.BR",NA,"2007","10","bancos"
"33098518.000000","BANCO FININVEST S.A.","Banco multiplo","RUA DA PASSAGEM Nº 170","4º ANDAR","BOTAFOGO","22290904.000000","RIO DE JANEIRO","RJ","11.000000","35844042.000000","SIM","252.000000","BIANCA.AZZI@UNIBANCO.COM.BR",NA,"2007","10","bancos"
"33074683.000000","BANCO RURAL MAIS S.A.","Banco multiplo","RUA RIO DE JANEIRO","927, 15º ANDAR - PARTE","CENTRO","30160914.000000","BELO HORIZONTE","MG","31.000000","21265401.000000","SIM","72.000000",NA,NA,"2007","10","bancos"
"33066408.000000","BANCO ABN AMRO REAL S.A.","Banco multiplo","AV PAULISTA, 1374, 3 ANDAR",NA,"BELA VISTA","1310916.000000","SAO PAULO","SP","11.000000","31749615.000000","SIM","356.000000",NA,"WWW.BANCOREAL.COM.BR","2007","10","bancos"
"80271455.000000","BANCO MAXINVEST S.A.","Banco multiplo","ROD BR-116, KM 399, N. 6490, TREVO RODOV.DO TARUMA",NA,"TARUMA","82590300.000000","CURITIBA","PR","41.000000","3607103.000000","NÃO",NA,"BANCOMAXINVEST@BANCOMAXINVEST.COM.BR",NA,"2007","10","bancos"
"78632767.000000","BANCO OURINVEST S.A.","Banco multiplo","AV. PAULISTA, 1728","SOBRELOJA,1º,2º,10º E 11º ANDARES","BELA VISTA","1310200.000000","SAO PAULO","SP","11.000000","40814444.000000","NÃO",NA,"OURINVEST@OURINVEST.COM.BR","WWW.OURINVEST.COM.BR","2007","10","bancos"
"78626983.000000","BANCO VR S.A.","Banco multiplo","ALAMEDA RIO NEGRO, 585","BL. B - CONJS. 61 E 62 E BL. C - CONJS. 131 E 132","ALPHAVILLE","6454000.000000","BARUERI","SP","11.000000","21763000.000000","SIM","610.000000",NA,NA,"2007","10","bancos"
"59461152.000000","BANCO ITAUCRED FINANCIAMENTOS S.A.","Banco multiplo","PRAÇA ALFREDO EGYDIO DE SOUZA ARANHA, 100","TORRE ALFREDO EGYDIO - 12º ANDAR","PARQUE JABAQUARA","4344902.000000","SAO PAULO","SP","11.000000","50198101.000000","NÃO",NA,NA,NA,"2007","10","bancos"
"32062580.000000","BANCO CREDIT SUISSE (BRASIL) S.A.","Banco multiplo","AV. BRIGADEIRO FARIA LIMA, 3064 - 13 ANDAR (PARTE)",NA,"JARDIM PAULISTANO","1451000.000000","SAO PAULO","SP","11.000000","38416000.000000","SIM","505.000000",NA,NA,"2007","10","bancos"
"32254138.000000","BANCO BVA S.A.","Banco multiplo","AVENIDA ALMIRANTE BARROSO, 52 - 19. ANDAR","EDIFICIO LINEO DE PAULA MACHADO","CENTRO","20031918.000000","RIO DE JANEIRO","RJ","21.000000","32311100.000000","SIM","44.000000","BVAINF@BANCOBVA.COM.BR","WWW.BANCOBVA.COM.BR","2007","10","bancos"
"33172537.000000","BANCO J.P. MORGAN S.A.","Banco multiplo","AV BRIGADEIRO FARIA LIMA, 3729, 14 ANDAR - PARTE",NA,"ITAIM BIBI","4538905.000000","SAO PAULO","SP","11.000000","30483700.000000","SIM","376.000000",NA,NA,"2007","10","bancos"
"17184037.000000","BANCO MERCANTIL DO BRASIL S.A.","Banco multiplo","RUA RIO DE JANEIRO, 680",NA,"CENTRO","30160912.000000","BELO HORIZONTE","MG","31.000000","30576948.000000","SIM","389.000000","MB.CONTROLADORIA@MERCANTIL.COM.BR","WWW.MERCANTIL.COM.BR","2007","10","bancos"
"59285411.000000","BANCO PANAMERICANO S.A.","Banco multiplo","AV. PAULISTA, 2.240",NA,"BELA VISTA","1310300.000000","SAO PAULO","SP","11.000000","21925000.000000","SIM","623.000000","JPITOL@PANAMERICANO.COM.BR","WWW.PANAMERICANO.COM.BR","2007","10","bancos"
"61088183.000000","BANCO WESTLB DO BRASIL S.A.","Banco multiplo","AVENIDA ENGENHEIRO LUIZ CARLOS BERRINI, NO 716","8 ANDAR","BROOKLIN","4571000.000000","SAO PAULO","SP","11.000000","55049844.000000","SIM","370.000000","WESTLB@WESTLB.COM.BR","WESTLB.COM.BR","2007","10","bancos"
"61146577.000000","BANCO BARCLAYS S.A.","Banco multiplo","PRAÇA PROF.JOSÉ LANNES, 40-4º.E 5º. AND./PARTE",NA,"BROOKLIN PAUL. NOVO","4571100.000000","SAO PAULO","SP","11.000000","55093200.000000","SIM","740.000000",NA,NA,"2007","10","bancos"
"61182408.000000","BANCO INVESTCRED UNIBANCO S.A.","Banco multiplo","AV TENENTE REBELO, 675 - 3° ANDAR PARTE",NA,"IRAJA","21241460.000000","RIO DE JANEIRO","RJ","11.000000","35844042.000000","SIM","249.000000","BIANCA.AZZI@UNIBANCO.COM.BR",NA,"2007","10","bancos"
"61186680.000000","BANCO BMG S.A.","Banco multiplo","AV. ALVARES CABRAL, 1707",NA,"SANTO AGOSTINHO","30170001.000000","BELO HORIZONTE","MG","31.000000","32903700.000000","SIM","318.000000","JET@BANCOBMG.COM.BR","WWW.BANCOBMG.COM.BR","2007","10","bancos"
"61190658.000000","BANCO FIAT S.A.","Banco multiplo","PRAÇA ALFREDO EGYDIO DE SOUZA ARANHA, 100","TORRE ITAÚSA","PARQUE JABAQUARA","4344902.000000","SAO PAULO","SP","11.000000","50198101.000000","NÃO",NA,NA,NA,"2007","10","bancos"
"61199881.000000","BANCO DIBENS S.A.","Banco multiplo","RUA BOA VISTA 162","6º ANDAR E 7º ANDAR - PARTE","CENTRO","1014000.000000","SAO PAULO","SP","11.000000","35844042.000000","SIM","214.000000","BIANCA.AZZI@UNIBANCO.COM.BR",NA,"2007","10","bancos"
"61230165.000000","BANCO COMERCIAL E DE INVESTIMENTO SUDAMERIS S.A.","Banco multiplo","AVENIDA PAULISTA, 1374","3. ANDAR - PARTE","BELA VISTA","1310916.000000","SAO PAULO","SP","11.000000","31749615.000000","SIM","215.000000",NA,"WWW.SUDAMERIS.COM.BR","2007","10","bancos"
"61348538.000000","BANCO FICSA S.A.","Banco multiplo","RUA BOA VISTA, Nº 280","12º E 13º ANDARES","CENTRO","1014000.000000","SAO PAULO","SP","11.000000","33437000.000000","SIM","626.000000","FICSA@FICSA.COM.BR","WWW.FICSA.COM.BR","2007","10","bancos"
"61033106.000000","BPN BRASIL BANCO MÚLTIPLO S.A.","Banco multiplo","RUA DIOGO MOREIRA, 132","24º ANDAR","PINHEIROS","5423010.000000","SAO PAULO","SP","11.000000","30949000.000000","SIM","69.000000","CONTATO@BPNBRASIL.COM.BR",NA,"2007","10","bancos"
"71027866.000000","BANCO BONSUCESSO S.A.","Banco multiplo","RUA ALVARENGA PEIXOTO, Nº 974","7º E 8º ANDARES","SANTO AGOSTINHO","30180120.000000","BELO HORIZONTE","MG","31.000000","21037914.000000","SIM","218.000000","CONTROLADORIA@BANCOBONSUCESSO.COM.BR","WWW.BANCOBONSUCESSO.COM.BR","2007","10","bancos"
"15173776.000000","BANCO CAPITAL S.A.","Banco multiplo","AV. ESTADOS UNIDOS, 258","EDF. CIDADE DE ARACAJU, TERREO","COMERCIO","40010020.000000","SALVADOR","BA","71.000000","21041000.000000","SIM","412.000000","ADM@BANCOCAPITAL.COM.BR","WWW.BANCOCAPITAL.COM.BR","2007","10","bancos"
"17192451.000000","BANCO ITAUCARD S.A.","Banco multiplo","ALAMEDA PEDRO CALIL, 43",NA,"VILA DAS ACÁCIAS","8557105.000000","POA","SP","11.000000","50198101.000000","NÃO",NA,NA,NA,"2007","10","bancos"
"62136254.000000","BANCO CRUZEIRO DO SUL S.A.","Banco multiplo","RUA FUNCHAL, 418","7/8 E 9 ANDARES","VILA OLIMPIA","4551060.000000","SAO PAULO","SP","11.000000","38481800.000000","SIM","229.000000","LUISFELIPPE@BCSUL.COM.BR","WWW.BCSUL.COM.BR","2007","10","bancos"
"17298092.000000","BANCO ITAÚ BBA S.A.","Banco multiplo","AV. BRIGADEIRO FARIA LIMA, 3.400","4º ANDAR (PARTE)","ITAIM BIBI","4538132.000000","SAO PAULO","SP","11.000000","50198101.000000","SIM","184.000000",NA,"WWW.ITAUBBA.COM.BR","2007","10","bancos"
"62144175.000000","BANCO PINE S.A.","Banco multiplo","ALAMEDA SANTOS, 1940","5º ANDAR-CJ.52, 9º ANDAR-CJ.91, 12º E 13º ANDARES","CERQUEIRA CESAR","1418200.000000","SAO PAULO","SP","11.000000","33725200.000000","SIM","643.000000","NOBERTO.PINHEIRO@BANCOPINE.COM.BR","WWW.BANCOPINE.COM.BR","2007","10","bancos"
"62153721.000000","BANCO PORTO SEGURO S.A.","Banco multiplo","AV BRIG LUIS ANTONIO,290, CONJUNTO 133",NA,"BELA VISTA","1318000.000000","SAO PAULO","SP","11.000000","31061207.000000","NÃO",NA,"JRCBUENO@HOTMAIL.COM",NA,"2007","10","bancos"
"69141539.000000","BANCO CREDIBEL S.A.","Banco multiplo","AVENIDA  PAULISTA   Nº  1754","1º SOBRELOJA","CERQUEIRA CESAR","1311200.000000","SAO PAULO","SP","11.000000","21717000.000000","SIM","721.000000","CREDIBEL@CREDIBEL.COM.BR","WWW.CREDIBEL.COM.BR","2007","10","bancos"
"62232889.000000","BANCO DAYCOVAL S.A.","Banco multiplo","AV.  PAULISTA  Nº 1793",NA,"BELA VISTA","1311200.000000","SAO PAULO","SP","11.000000","31380500.000000","SIM","707.000000","DIRETORIA@DAYCOVAL.COM.BR","WWW.DAYCOVAL.COM.BR","2007","10","bancos"
"17351180.000000","BANCO TRIANGULO S.A.","Banco multiplo","AV CESARIO ALVIM 2209",NA,"APARECIDA","38400696.000000","UBERLANDIA","MG","34.000000","32181421.000000","SIM","634.000000",NA,"WWW.TRIBANCO.COM.BR","2007","10","bancos"
"62331228.000000","DEUTSCHE BANK S.A.BANCO ALEMAO","Banco multiplo","R. ALEXANDRE DUMAS, 2200",NA,"CHACARA STO.ANTONIO","4717910.000000","SAO PAULO","SP","11.000000","51895000.000000","SIM","487.000000","ROSANA.SOUZA@DB.COM","WWW.DEUTSCHE-BANK.COM.BR","2007","10","bancos"
"62421979.000000","BANCO GE CAPITAL S.A.","Banco multiplo","AVENIDA DO CAFÉ, 277 - 3º ANDAR","TORRE A","VILA GUARANI","4311000.000000","SAO PAULO","SP","11.000000","68477400.000000","SIM","233.000000",NA,"WWW.GEMONEY.COM.BR","2007","10","bancos"
"61533584.000000","BANCO SOCIETE GENERALE BRASIL S.A.","Banco multiplo","AV PAULISTA, 2300 - 9 ANDAR, CJ 91 A 93",NA,"CERQUEIRA CESAR","1310300.000000","SAO PAULO","SP","11.000000","32178000.000000","SIM","366.000000",NA,NA,"2007","10","bancos"
"60518222.000000","BANCO SUMITOMO MITSUI BRASILEIRO S.A.","Banco multiplo","AV PAULISTA, 37 - 11/12 AND",NA,"PARAISO","1311902.000000","SAO PAULO","SP","11.000000","31788000.000000","SIM","464.000000","CONTROLLER@SMBCGROUP.COM.BR",NA,"2007","10","bancos"
"33857830.000000","BANCO OPPORTUNITY S.A.","Banco multiplo","AV. PRESIDENTE WILSON, 231 - 3. ANDAR",NA,"CENTRO","20030021.000000","RIO DE JANEIRO","RJ","21.000000","38043800.000000","SIM","45.000000","OPPORTUNITY@OPPORTUNITY.COM.BR",NA,"2007","10","bancos"
"59438325.000000","BANKPAR BANCO MÚLTIPLO S.A.","Banco multiplo","AV. BRIGADEIRO FARIA LIMA, 1355","16º ANDAR","PINHEIROS","1452002.000000","SAO PAULO","SP","11.000000","36842685.000000","SIM","204.000000","4260.GUILHERME@BRADESCO.COM.BR",NA,"2007","10","bancos"
"30723886.000000","BANCO MODAL S.A.","Banco multiplo","PRAIA DE BOTAFOGO, 501, BLOCO 1, 5.º ANDAR (PARTE)",NA,"BOTAFOGO","22250040.000000","RIO DE JANEIRO","RJ","21.000000","32237700.000000","SIM","746.000000","BCMODAL@MODAL.COM.BR",NA,"2007","10","bancos"
"59588111.000000","BANCO VOTORANTIM S.A.","Banco multiplo","AV. ROQUE PETRONI JR., 999 - 16. ANDAR",NA,"VILA GERTRUDES","4707910.000000","SAO PAULO","SP","11.000000","51851700.000000","SIM","655.000000","WEBMASTER@BANCOVOTORANTIM.COM.BR","WWW.BANCOVOTORANTIM.COM.BR","2007","10","bancos"
"28195667.000000","BANCO ABC BRASIL S.A.","Banco multiplo","AVENIDA JUSCELINO KUBITSCHEK, 1400","3º, 4º E 5º ANDARES","ITAIM BIBI","4543000.000000","SAO PAULO","SP","11.000000","31702000.000000","SIM","246.000000",NA,NA,"2007","10","bancos"
"28127603.000000","BANESTES S.A. BANCO DO ESTADO DO ESPIRITO SANTO","Banco multiplo","AV. PRINCESA ISABEL, 574 ED.PALAS CENTER BL.B 9.AN",NA,"CENTRO","29010360.000000","VITORIA","ES","27.000000","33831000.000000","SIM","21.000000","PRESIBAN@BANESTES.COM.BR","WWW.BANESTES.COM.BR","2007","10","bancos"
"60394079.000000","BANCO ITAUBANK S.A.","Banco multiplo","PRAÇA ALFREDO EGYDIO DE SOUZA ARANHA, 100","TORRE CONCEIÇÃO - 9º ANDAR","PARQUE JABAQUARA","4344902.000000","SAO PAULO","SP","11.000000","50198101.000000","SIM","479.000000",NA,"WWW.ITAU.COM.BR","2007","10","bancos"
"10866788.000000","BANCO DE PERNAMBUCO S.A. - BANDEPE","Banco multiplo","CAIS DO APOLO, 222 - ED. BANDEPE",NA,NA,"50030230.000000","RECIFE","PE","81.000000","34256385.000000","SIM","24.000000",NA,NA,"2007","10","bancos"
"60419645.000000","BANCO BANKPAR S.A.","Banco multiplo","AV MARIA COELHO  AGUIAR, 215","BLOCO F, 8º ANDAR, PARTE","JARDIM SAO LUIZ","5804907.000000","SAO PAULO","SP","11.000000","36842685.000000","NÃO",NA,"4260.GUILHERME@BRADESCO.COM.BR",NA,"2007","10","bancos"
"61071387.000000","UNICARD BANCO MÚLTIPLO S.A.","Banco multiplo","AL. RIO NEGRO, 433 - 3º ANDAR - PARTE","SETOR OESTE - PRÉDIO 1","ALPHAVILLE","6454000.000000","BARUERI","SP","11.000000","35844042.000000","SIM","230.000000","BIANCA.AZZI@UNIBANCO.COM.BR",NA,"2007","10","bancos"
"60498557.000000","BANCO DE TOKYO-MITSUBISHI UFJ BRASIL S/A","Banco multiplo","AV. PAULISTA, 1274",NA,"BELA VISTA","1310925.000000","SAO PAULO","SP","11.000000","32680211.000000","SIM","456.000000",NA,"WWW.BR.BK.MUFG.JP","2007","10","bancos"
"59274605.000000","BANCO GMAC S/A","Banco multiplo","AV. INDIANÓPOLIS, 3096",NA,"PLANALTO PAULISTA","4062003.000000","SAO PAULO","SP","11.000000","33652086.000000","NÃO",NA,NA,"WWW.BANCOGMAC.COM.BR","2007","10","bancos"
"60701190.000000","BANCO ITAÚ S.A.","Banco multiplo","PCA ALFREDO EGYDIO SOUZA ARANHA, 100","TORRE ITAÚSA","PARQUE JABAQUARA","4344902.000000","SAO PAULO","SP","11.000000","50198101.000000","SIM","341.000000",NA,"WWW.ITAU.COM.BR","2007","10","bancos"
"13009717.000000","BANCO DO ESTADO DE SERGIPE S.A.","Banco multiplo","RUA F, 31","DIA, PRÉDIO","INÁCIO BARBOSA","49040240.000000","ARACAJU","SE","79.000000","32181200.000000","SIM","47.000000","DIRETORIA@BANESE.COM.BR","WWW.BANESE.COM.BR","2007","10","bancos"
"27937333.000000","BANCO BRJ S.A.","Banco multiplo","RUA DO OUVIDOR","17 E 25 ANDAR","CENTRO","20040030.000000","RIO DE JANEIRO","RJ","21.000000","21057121.000000","NÃO",NA,"BRJSA@BRJBANK.COM.BR","WWW.BRJBANK.COM.BR","2007","10","bancos"
"60746948.000000","BANCO BRADESCO S.A.","Banco multiplo","CIDADE DE DEUS, S/N",NA,"VILA YARA","6029900.000000","OSASCO","SP","11.000000","36842685.000000","SIM","237.000000","4260.GUILHERME@BRADESCO.COM.BR","WWW.BRADESCO.COM.BR","2007","10","bancos"
"60814191.000000","BANCO DAIMLERCHRYSLER S.A.","Banco multiplo","AV. MARIA COELHO AGUIAR, 215","BLOCO E - 1º ANDAR","JARDIM SÃO LUIZ","5804900.000000","SAO PAULO","SP","11.000000","37419707.000000","NÃO",NA,NA,NA,"2007","10","bancos"
"60850229.000000","BANCO PECUNIA S.A.","Banco multiplo","RUA BOA VISTA 344 - 6 ANDAR",NA,"CENTRO","1014000.000000","SAO PAULO","SP","11.000000","33279000.000000","SIM","613.000000","TORRESI@BANCOPECUNIA.COM.BR","WWW.BANCOPECUNIA.COM.BR","2007","10","bancos"
"60872504.000000","BANCO ITAÚ HOLDING FINANCEIRA S.A.","Banco multiplo","PRAÇA ALFREDO EGYDIO DE SOUZA ARANHA, 100","TORRE ITAÚSA","PARQUE JABAQUARA","4344902.000000","SAO PAULO","SP","11.000000","50198101.000000","SIM","652.000000",NA,NA,"2007","10","bancos"
"14388334.000000","PARANA BANCO S.A.","Banco multiplo","RUA VISCONDE DE NACAR, 1441 - 1. ANDAR",NA,"CENTRO","80410201.000000","CURITIBA","PR","41.000000","33519899.000000","SIM","254.000000","PRESIDENCIA@JMALUCELLI.COM.BR","WWW.PARANABANCO.COM.BR","2007","10","bancos"
"60889128.000000","BANCO SOFISA S.A.","Banco multiplo","ALAMEDA SANTOS,1496",NA,"JARDIM PAULISTA","1418100.000000","SAO PAULO","SP","11.000000","31765500.000000","SIM","637.000000","SOFISA@SOFISA.COM.BR","WWW.SOFISA.COM.BR","2007","10","bancos"
"15114366.000000","BANCO BBM S/A","Banco multiplo","AV. TANCREDO NEVES 1.632","SALAS 301 A 304","CAMINHO DAS ÁRVORES","41820020.000000","SALVADOR","BA","71.000000","40096000.000000","SIM","107.000000","BANCOBBM@BANCOBBM.COM.BR","WWW.BANCOBBM.COM.BR","2007","10","bancos"
"10995587.000000","BANCO SIMPLES S.A.","Banco multiplo","AV. MONTEVIDÉO, 239 - PARTE",NA,"BOA VISTA","50050250.000000","RECIFE","PE","31.000000","21265150.000000","SIM","749.000000",NA,"WWW.BANCOSIMPLES.COM.BR","2007","10","bancos"
"43073394.000000","BANCO NOSSA CAIXA S.A.","Banco multiplo","RUA 15 DE NOVEMBRO, 111",NA,"CENTRO","1013001.000000","SAO PAULO","SP","11.000000","32446008.000000","SIM","151.000000","GAPRE@NOSSACAIXA.COM.BR / PRESIDENCIA@NOSSACAIXA.COM.BR","WWW.NOSSACAIXA.COM.BR","2007","10","bancos"
"33885724.000000","BANCO BANERJ S.A.","Banco multiplo","PRAÇA ALFREDO EGYDIO DE SOUZA ARANHA,100","TORRE CONCEIÇÃO - 9º ANDAR","PARQUE JABAQUARA","4344902.000000","SAO PAULO","SP","11.000000","50198101.000000","SIM","29.000000",NA,NA,"2007","10","bancos"
"33923111.000000","BANCO BRASCAN S.A.","Banco multiplo","AV.ALMIRANTE BARROSO 52","30º ANDAR - PARTE","CENTRO","20031000.000000","RIO DE JANEIRO","RJ","21.000000","32313000.000000","SIM","225.000000","CSARAIVA@BANCOBRASCAN.COM.BR","WWW.BANCOBRASCAN.COM.BR","2007","10","bancos"
"33884941.000000","BANIF - BANCO INTERNACIONAL DO FUNCHAL (BRASIL), S.A.","Banco multiplo","RUA MINAS DE PRATA , 30","16 º E 17º","ITAIM BIBI","4552080.000000","SAO PAULO","SP","11.000000","31652000.000000","SIM","719.000000",NA,NA,"2007","10","bancos"
"5040481.000000","BANCO DE LAGE LANDEN BRASIL S.A.","Banco multiplo","RUA SOLEDADE, N° 550","8° ANDAR","PETRÓPOLIS","90470340.000000","PORTO ALEGRE","RS","51.000000","21042500.000000","NÃO",NA,"ANDREA.TOEBKE@DELAGELANDEN.COM.BR",NA,"2007","10","bancos"
"4913711.000000","BANCO DO ESTADO DO PARÁ S.A.","Banco multiplo","AV. PRESIDENTE VARGAS, 251","EDF. BANPARÁ, 4º ANDAR","CAMPINA","66010000.000000","BELEM","PA","91.000000","32103209.000000","SIM","37.000000",NA,NA,"2007","10","bancos"
"33870163.000000","BANCO ALVORADA S.A.","Banco multiplo","CIDADE DE DEUS","PRÉDIO NOVÍSSIMO, 4 ANDAR","VILA YARA","6029900.000000","OSASCO","SP","11.000000","36842742.000000","SIM","641.000000","4260.GUILHERME@BRADESCO.COM.BR",NA,"2007","10","bancos"
"34270520.000000","BANCO IBM S.A.","Banco multiplo","AVENIDA PASTEUR, Nº 138/146.","7º ANDAR, PARTE.","BOTAFOGO","22296900.000000","RIO DE JANEIRO","RJ","21.000000","21325228.000000","NÃO",NA,"VMACHADO@BR.IBM.COM","WWW.IBM.COM.BR","2007","10","bancos"
"43717511.000000","BANCO MORADA S.A","Banco multiplo","RUA DA ASSEMBLEIA, 69 - 10. ANDAR - PARTE",NA,"CENTRO","20011001.000000","RIO DE JANEIRO","RJ","21.000000","38242100.000000","SIM","738.000000","EVANDRO@BANCOMORADA.COM.BR","WWW.BANCOMORADA.COM.BR","2007","10","bancos"
"43818780.000000","BANCO COMMERCIAL INVESTMENT TRUST DO BRASIL S.A. - BANCO MÚLTIPLO","Banco multiplo","ALAMEDA RIO NEGRO, 585","7º ANDAR","ALPHAVILLE","6454000.000000","BARUERI","SP","11.000000","41661831.000000","NÃO",NA,"ALEXANDRE.CANO@CIT.COM","WWW.CIT.COM  (CORPORATIVO)","2007","10","bancos"
"90731688.000000","BANCO FORD S.A.","Banco multiplo","AV DO CAFE, 277, 1 AND, TOR B,CENTRO EMPRES DO ACO",NA,"VILA GUARANI","4311900.000000","SAO PAULO","SP","11.000000","41744518.000000","NÃO",NA,NA,NA,"2007","10","bancos"
"90400888.000000","BANCO SANTANDER S.A.","Banco multiplo","RUA AMADOR BUENO, 474",NA,"SANTO AMARO","4752005.000000","SAO PAULO","SP","11.000000","56357174.000000","SIM","33.000000","JURIDSOCIETARIO@SANTANDERBANESPA.COM.BR","WWW.SANTANDERBANESPA.COM.BR","2007","10","bancos"
"33876475.000000","BANCO PROSPER S.A.","Banco multiplo","RUA DO PASSEIO, 70 - 8., 9. E 10. ANDARES",NA,"CENTRO","20021290.000000","RIO DE JANEIRO","RJ","21.000000","38140700.000000","SIM","638.000000","JANNY.CASTRO@BANCOPROSPER.COM.BR","WWW.BANCOPROSPER.COM.BR","2007","10","bancos"
"1181521.000000","BANCO COOPERATIVO SICREDI S.A.","Banco multiplo Cooperativo","AV. ASSIS BRASIL, 3940 - 12º ANDAR",NA,"PASSO D AREIA","91010003.000000","PORTO ALEGRE","RS","51.000000","33584716.000000","SIM","748.000000","DIRETORIA_BANCO@SICREDI.COM.BR","WWW.SICREDI.COM.BR","2007","10","bancos"
"360305.000000","CAIXA ECONOMICA FEDERAL","Caixa Econômica Federal","SBS QUADRA 4, LOTES 3/4, ED. SEDE","21 ANDAR","ASA SUL","70092900.000000","BRASILIA","DF","61.000000","32069000.000000","SIM","104.000000",NA,"WWW.CAIXA.GOV.BR","2007","10","bancos"
NA,NA,NA,NA,NA,NA,NA,NA,NA,NA,NA,NA,NA,NA,NA,"2007","10","bancos"
"Fonte: Instituições financeiras (o teor das informações é de responsabilidade da respectiva instituição/empresa, de acordo com a regulamentação em vigor)",NA,NA,NA,NA,NA,NA,NA,NA,NA,NA,NA,NA,NA,NA,"2007","10","bancos"
